,Accuracy,Precision,Recall,F1 Score,ROC-AUC
Logistic Regression,0.8671428571428571,0.8679245283018868,0.8797814207650273,0.8738127544097694,0.9467458525571807
Decision Tree,0.8485714285714285,0.8367875647668394,0.8825136612021858,0.8590425531914894,0.9115416707568469
Random Forest,0.8614285714285714,0.8439897698209718,0.9016393442622951,0.8718626155878467,0.9384100651156702
Gradient Boosting,0.86,0.8563829787234043,0.8797814207650273,0.8679245283018868,0.9376083897778213
